,BMI,PhysicalHealth,MentalHealth,SleepTime
BMI,1.0,0.10666839790012606,0.07459727120776713,-0.04007991155251032
PhysicalHealth,0.10666839790012606,1.0,0.34901567657666865,-0.08326742681722082
MentalHealth,0.07459727120776713,0.34901567657666865,1.0,-0.12600479248439947
SleepTime,-0.04007991155251032,-0.08326742681722082,-0.12600479248439947,1.0
