,measurement,mean,median,mode,min,max,range,std,var,25th percentile,75th percentile
1,BMI,28.162436280206194,26.75,"0    26.63
Name: BMI, dtype: float64",12.02,94.66,82.64,6.841989584634404,46.81282147624566,23.3,31.62
2,PhysicalHealth,3.6812252316677094,0.0,"0    0.0
Name: PhysicalHealth, dtype: float64",0.0,30.0,30.0,8.184823499964,66.99133572556296,0.0,2.0
3,MentalHealth,4.655916093084235,0.0,"0    0.0
Name: MentalHealth, dtype: float64",0.0,30.0,30.0,8.488163863072028,72.04892576636186,0.0,5.0
4,SleepTime,7.118536396412503,7.0,"0    8.0
Name: SleepTime, dtype: float64",1.0,24.0,23.0,1.4526428831508664,2.110171345968862,6.0,8.0
