,stat,yes,no,percent yes
1,Smoking,131908,187887,0.4124767429134289
2,Diabetic,40802,269653,0.13142645471968561
3,PhysicalActivity,247957,71838,0.7753623415000235
4,Asthma,42872,276923,0.13406088275301364
5,SkinCancer,29819,289976,0.09324410950765334
